{"cameraMode":{"drawMode":0,"name":"Shaded","section":"Shading Mode"},"sceneLighting":true,"audioPlay":false,"sceneViewState":{"showFog":true,"showMaterialUpdate":false,"showSkybox":true,"showFlares":true,"showImageEffects":true,"showParticleSystems":true},"in2DMode":false,"pivot":{"x":398.6685791015625,"y":5.514458656311035,"z":7.805561065673828},"rotation":{"x":-0.09765065461397171,"y":0.008058666251599789,"z":-0.0007902114884927869,"w":-0.9951920509338379},"size":21.915809631347658,"orthographic":false}