{"cameraMode":{"drawMode":0,"name":"Shaded","section":"Shading Mode"},"sceneLighting":true,"audioPlay":false,"sceneViewState":{"showFog":true,"showMaterialUpdate":false,"showSkybox":true,"showFlares":true,"showImageEffects":true,"showParticleSystems":true},"in2DMode":false,"pivot":{"x":-473.0422058105469,"y":-1.010000228881836,"z":0.0},"rotation":{"x":0.1005651131272316,"y":0.03878927230834961,"z":-0.0039312816224992279,"w":0.9941961169242859},"size":20.16982650756836,"orthographic":false}