{"cameraMode":{"drawMode":0,"name":"Shaded","section":"Shading Mode"},"sceneLighting":true,"audioPlay":false,"sceneViewState":{"showFog":true,"showMaterialUpdate":false,"showSkybox":true,"showFlares":true,"showImageEffects":true,"showParticleSystems":true},"in2DMode":false,"pivot":{"x":-19.006078720092775,"y":-2.697819709777832,"z":4.96540641784668},"rotation":{"x":-0.22750310599803925,"y":-0.04905705899000168,"z":0.011476260609924794,"w":-0.9724744558334351},"size":10.744589805603028,"orthographic":false}