{"cameraMode":{"drawMode":0,"name":"Shaded","section":"Shading Mode"},"sceneLighting":true,"audioPlay":false,"sceneViewState":{"showFog":true,"showMaterialUpdate":false,"showSkybox":true,"showFlares":true,"showImageEffects":true,"showParticleSystems":true},"in2DMode":false,"pivot":{"x":-0.2975825071334839,"y":-1.828905701637268,"z":-0.893589973449707},"rotation":{"x":-0.033130399882793429,"y":0.3059251606464386,"z":-0.010662764310836792,"w":-0.9514487385749817},"size":3.805097818374634,"orthographic":false}