{"cameraMode":{"drawMode":0,"name":"Shaded","section":"Shading Mode"},"sceneLighting":true,"audioPlay":false,"sceneViewState":{"showFog":true,"showMaterialUpdate":false,"showSkybox":true,"showFlares":true,"showImageEffects":true,"showParticleSystems":true},"in2DMode":false,"pivot":{"x":0.6947498321533203,"y":0.63427734375,"z":0.4787864685058594},"rotation":{"x":-0.05273902416229248,"y":-0.04283556342124939,"z":0.002242297399789095,"w":-0.9977498054504395},"size":10.576406478881836,"orthographic":false}