{"cameraMode":{"drawMode":0,"name":"Shaded","section":"Shading Mode"},"sceneLighting":true,"audioPlay":false,"sceneViewState":{"showFog":true,"showMaterialUpdate":false,"showSkybox":true,"showFlares":true,"showImageEffects":true,"showParticleSystems":true},"in2DMode":false,"pivot":{"x":-0.8293434381484985,"y":1.629520297050476,"z":6.499564170837402},"rotation":{"x":-0.12880688905715943,"y":-0.04699069634079933,"z":0.006105237174779177,"w":-0.990552544593811},"size":11.572457313537598,"orthographic":false}