{"cameraMode":{"drawMode":0,"name":"Shaded","section":"Shading Mode"},"sceneLighting":true,"audioPlay":false,"sceneViewState":{"showFog":true,"showMaterialUpdate":false,"showSkybox":true,"showFlares":true,"showImageEffects":true,"showParticleSystems":true},"in2DMode":false,"pivot":{"x":-1.7226030826568604,"y":-3.5757288932800295,"z":19.19765281677246},"rotation":{"x":-0.104990154504776,"y":-0.04861293360590935,"z":0.005136742722243071,"w":-0.9932785630226135},"size":15.4976806640625,"orthographic":false}