{"cameraMode":{"drawMode":0,"name":"Shaded","section":"Shading Mode"},"sceneLighting":true,"audioPlay":false,"sceneViewState":{"showFog":true,"showMaterialUpdate":false,"showSkybox":true,"showFlares":true,"showImageEffects":true,"showParticleSystems":true},"in2DMode":false,"pivot":{"x":-2.872492790222168,"y":0.15307985246181489,"z":-0.712244987487793},"rotation":{"x":-0.23198620975017548,"y":0.6468450427055359,"z":-0.21637649834156037,"w":-0.6935094594955444},"size":6.69590950012207,"orthographic":false}