{"cameraMode":{"drawMode":0,"name":"Shaded","section":"Shading Mode"},"sceneLighting":true,"audioPlay":false,"sceneViewState":{"showFog":true,"showMaterialUpdate":false,"showSkybox":true,"showFlares":true,"showImageEffects":true,"showParticleSystems":true},"in2DMode":false,"pivot":{"x":-4.019287109375,"y":-2.267942428588867,"z":16.836040496826173},"rotation":{"x":-0.15346714854240418,"y":0.16575442254543305,"z":-0.026121960952878,"w":-0.9738044738769531},"size":22.318037033081056,"orthographic":false}